"doc_id","title","doc_type","sub_type","business_unit","service_area","status","expiry_date","days_to_expiry","expiry_status","source_path","kb_path","sidecar_path","date_added","last_reviewed","document_owner","review_frequency","tags","notes","issuing_authority","issue_date","document_number","rating","verified","verified_date","holder_name","holder_type","scanned_ocr","client_name","client_sector","project_name","services_scope","project_start","project_end","value_band","outcome","reference_letter","contact_available","approved_for_reuse","tender_ref","submission_date","reusable_sections","primary_business_unit","strategic_value","reusable_content_score","person_name","role","years_experience","cv_version","available_for_tenders","version","approved_by","key_differentiators"
"COMP-001","[EXAMPLE] SARS Tax Clearance Certificate 2026","COMP","Tax","Corporate","","Active","2026-09-30","117","Current","Tender Pack/Compliance/Tax/Tax_Clearance_2026.pdf","01_Compliance/Tax/Tax_Clearance_2026.pdf","01_Compliance/Tax/Tax_Clearance_2026.meta.md","2026-06-05","2026-06-05","Hein Blignaut","Quarterly","tax,compliance,SARS,clearance","Renew 30 days before expiry via eFiling","SARS","2026-04-01","PIN-000000000","","Yes","2026-06-05","","","No","","","","","","","","","","","","","","","","","","","","","","","","",""
"COMP-002","[EXAMPLE] B-BBEE Compliance Certificate - Level 2 (2025)","COMP","BEE","Corporate","","Active","2026-11-30","178","Current","Tender Pack/Compliance/BEE/BBBEE_Cert_2025.pdf","01_Compliance/BEE/BBBEE_Cert_2025.pdf","01_Compliance/BEE/BBBEE_Cert_2025.meta.md","2026-06-05","2026-06-05","Hein Blignaut","Annual","BEE,B-BBEE,compliance,empowerment,Level 2","Annual renewal - begin process 60 days before expiry","DTIC Accredited Verification Agency","2025-12-01","BBBEE-XXXX-2025","Level 2","Yes","2026-06-05","","","No","","","","","","","","","","","","","","","","","","","","","","","","",""
"REF-001","[EXAMPLE] Oracle EBS R12 Finance and HR - Metro Municipality A","REF","Project","Oracle","Oracle EBS","Active","None","","No-Expiry","Tender Pack/References/Oracle/Metro_Municipality_A_Ref.pdf","04_References/Oracle/Metro_Municipality_A_Ref.pdf","04_References/Oracle/Metro_Municipality_A_Ref.meta.md","2026-06-05","2026-06-05","Hein Blignaut","Annual","Oracle,EBS,R12,government,municipality,finance,HR","Reference letter signed - client approved to be named","","","","","","","","","Metro Municipality A","Government","Oracle EBS R12 Finance and HR Implementation","Oracle EBS,GL,AP,AR,Fixed Assets,HR","2021-03","2022-11","5M-20M","Successful","Yes","Yes","Yes","","","","","","","","","","","","","",""
"REF-002","[EXAMPLE] Acumatica ERP - Manufacturing Company B","REF","Project","Acumatica","Acumatica ERP","Active","None","","No-Expiry","Tender Pack/References/Acumatica/ManufacturingB_Ref.pdf","04_References/Acumatica/ManufacturingB_Ref.pdf","04_References/Acumatica/ManufacturingB_Ref.meta.md","2026-06-05","2026-06-05","Hein Blignaut","Annual","Acumatica,ERP,manufacturing,distribution,payroll","Contact available - do not name client without approval","","","","","","","","","Manufacturing Company B","Manufacturing","Acumatica ERP Manufacturing and Distribution","Acumatica ERP,Manufacturing,Distribution,Payroll","2023-02","2023-10","1M-5M","Successful","Yes","Yes","Yes","","","","","","","","","","","","","",""
"REF-003","[EXAMPLE] BeBanking Supplier Payment Automation - Retail Group C","REF","Project","BeBanking","BeBanking-Supplier-Payments","Active","None","","No-Expiry","Tender Pack/References/BeBanking/RetailGroupC_Ref.pdf","04_References/BeBanking/RetailGroupC_Ref.pdf","04_References/BeBanking/RetailGroupC_Ref.meta.md","2026-06-05","2026-06-05","Hein Blignaut","Annual","BeBanking,supplier payments,banking,ERP integration,retail","NDA in place - refer to as major retail group in tenders","","","","","","","","","Retail Group C","Retail","BeBanking Host-to-Host Supplier Payment Integration","BeBanking,Supplier Payments,ERP Integration","2024-01","2024-06","1M-5M","Successful","Yes","Yes","Conditional","","","","","","","","","","","","","",""
"CERT-001","[EXAMPLE] Oracle OCI Architect Associate - APPSolve Company Certification","CERT","Company","Oracle","OCI","Active","2027-03-31","299","Current","Tender Pack/Certifications/Oracle/OCI_Architect_Assoc.pdf","03_People/Certifications/OCI_Architect_Assoc.pdf","03_People/Certifications/OCI_Architect_Assoc.meta.md","2026-06-05","2026-06-05","Hein Blignaut","Annual","Oracle,OCI,certification,cloud,architect","Renewal requires re-examination","Oracle","2025-04-01","OCI-ARCH-ASSOC-XXXXXX","","Yes","2026-06-05","APPSolve (Pty) Ltd","Company","No","","","","","","","","","","","","","","","","","","","","","","","","",""
"CERT-002","[EXAMPLE] Acumatica Gold Certified Partner Status","CERT","Partner-Status","Acumatica","Acumatica ERP","Active","2026-12-31","209","Current","Tender Pack/Certifications/Acumatica/Acumatica_Gold_Partner.pdf","03_People/Certifications/Acumatica_Gold_Partner.pdf","03_People/Certifications/Acumatica_Gold_Partner.meta.md","2026-06-05","2026-06-05","Hein Blignaut","Annual","Acumatica,partner,Gold,certification,ERP","Annual renewal tied to revenue targets and certified staff count","Acumatica Inc.","2026-01-15","ACU-GOLD-XXXXXX","","Yes","2026-06-05","APPSolve (Pty) Ltd","Company","No","","","","","","","","","","","","","","","","","","","","","","","","",""
"CAP-001","[EXAMPLE] Oracle OCI Managed Services Capability Statement","CAP","Capability","Oracle","OCI","Active","None","","No-Expiry","Tender Pack/Capabilities/Oracle/OCI_Managed_Services_Cap.docx","06_Capabilities/Oracle/Oracle_Managed_Services/OCI_Managed_Services_Cap.docx","06_Capabilities/Oracle/Oracle_Managed_Services/OCI_Managed_Services_Cap.meta.md","2026-06-05","2026-06-05","Hein Blignaut","Annual","Oracle,OCI,managed services,cloud,infrastructure,24x7","Approved 2025-Q4 - includes SLA reference table","","","","","","","","","","","","","","","","","","","","Yes","","","","","","","","","","","","2025-Q4","Hein Blignaut","24x7 monitoring,OCI local region,SLA-backed,cost optimisation"
"METH-001","[EXAMPLE] Acumatica ERP Implementation Methodology v1.3","METH","Implementation","Acumatica","","Active","None","","No-Expiry","Tender Pack/Methodologies/Acumatica/Acumatica_Impl_v1.3.docx","05_Methodologies/Implementation/Acumatica_Impl_v1.3.docx","05_Methodologies/Implementation/Acumatica_Impl_v1.3.meta.md","2026-06-05","2026-06-05","Hein Blignaut","Annual","Acumatica,methodology,implementation,ERP,Sure Step","Based on Acumatica Sure Step - updated for v2024 R1","","","","","","","","","","","","","","","","","","","","Yes","","","","","","","","","","","","v1.3","Hein Blignaut","Sure Step,phased delivery,UAT-first,local support"
"HIST-001","[EXAMPLE] Oracle EBS and Fusion HCM Modernisation - Government Department D (WON)","HIST","Won","Oracle","Oracle EBS,Fusion HCM","Archived","None","","No-Expiry","Tender Pack/Historical/Won/GovDeptD_EBS_HCM_2024/","08_Historical_Tenders/Won/GovDeptD_EBS_HCM_2024/","08_Historical_Tenders/Won/GovDeptD_EBS_HCM_2024.meta.md","2026-06-05","2026-06-05","Hein Blignaut","As-Needed","Oracle,EBS,Fusion HCM,government,won,2024","Score 87/100 - executive summary approved for reuse","","","","","","","","","","Government Department D","Government","EBS and HCM Modernisation Programme","Oracle EBS,Fusion HCM","","",">20M","Won","","","GovD-ERP-HCM-2024/007","2024-09-30","Yes","Oracle","High","4","","","","","","","",""
"HIST-002","MTN Oracle EBS DBA Managed Services - Volume 2 (WON)","HIST","Won","Oracle","Oracle EBS,DBA,Managed Services","Archived","","","No-Expiry","Parties/Customers/MTN/RFP/Archive/ZZ Archive/RFP 20140718 close 20140801/Old Tender/MTN Tender/APPSolve Tender - Volume 2/","","","2026-06-08","2026-06-08","Hein Blignaut","As-Needed","Oracle,EBS,DBA,managed services,MTN,won,methodology,SLA,governance,transition","6 sections: 2.1 Technical Solution; 2.2 Services; 2.3 Performance Standards; 2.4 Governance (.doc); 2.5 Transition; 2.6 Exit (.doc); plus Executive Summary. Won. 2014 vintage - MODERNISE. See EXTRACTION_PLAN.md 1.A-1.F.","","2014-08","","","","","","","No","MTN South Africa","Telecommunications","MTN Oracle EBS DBA Managed Services 2014","Oracle EBS,DBA,Managed Services","","","Unknown","Won","","","No","MTN-RFP-2014-0718","2014-08-01","Executive Summary; Technical Solution; Services Methodology; SLA Framework; Governance Model; Transition Methodology","Oracle","High","3","","","","","","Won MTN DBA; Full methodology in 6 specialist documents; SLA framework; Governance model"
"TMPL-001","Oracle Fusion Proposal Template (Master - September 2024)","TMPL","Active-Template","Oracle","Oracle Cloud,Fusion","Active","","","No-Expiry","Parties/Customers/0. Proposal Templates/Oracle Fusion/Oracle Fusion Template.docx","","","2026-06-08","2026-06-08","Hein Blignaut","Annual","Oracle,Fusion,Cloud,ERP,HCM,SCM,template,company profile","Primary Oracle Fusion proposal template. Confirmed active in SABS 2025 and SANPARKS 2024. Sept 2024 stamp. Company profile: verify years (22 to 24) and partner awards. See EXTRACTION_PLAN.md 2.A-2.B.","","2024-09","","","","","","","No","","","Oracle Fusion Proposal Template","Oracle Cloud,Fusion,ERP,HCM,SCM,CRM,GRC","","","","Active","","","Conditional","","","Oracle Fusion Information (overview and component table); Company profile","Oracle","High","4","","","","","","Sept 2024","Hein Blignaut","Current master template; Oracle Fusion component table; Company profile; Active use 2024-2025"
"TMPL-002","Oracle EBS Proposal Template (Master)","TMPL","Active-Template","Oracle","Oracle EBS","Active","","","No-Expiry","Parties/Customers/0. Proposal Templates/Oracle EBS/Oracle EBS Template.docx","","","2026-06-08","2026-06-08","Hein Blignaut","Annual","Oracle,EBS,R12,template,proposal,company profile","Primary Oracle EBS proposal template. Parallel structure to Fusion template. Date unknown - verify vintage. Company profile identical to TMPL-001. See EXTRACTION_PLAN.md 4.A-4.B.","","","","","","","","","No","","","Oracle EBS Proposal Template","Oracle EBS,R12,ERP","","","","Active","","","Conditional","","","Oracle EBS Information (EBS overview); Company profile","Oracle","High","3","","","","","","Unknown","","Current master EBS template; EBS capability overview; Company profile"
"TMPL-003","Acumatica Proposal Template - Long Form (September 2025)","TMPL","Active-Template","Acumatica","Acumatica ERP","Active","","","No-Expiry","Parties/Customers/0. Proposal Templates/Acumatica/APPSolve Acumatica - CUSTOMER - Proposal Template Sept2025 BH.docx","","","2026-06-08","2026-06-08","Hein Blignaut","Annual","Acumatica,ERP,template,modules,methodology,BeBanking,Host-to-Host,assumptions","Primary long-form Acumatica template Sept 2025. NOTE: Executive Summary contains HearX Group client content - not a blank template. Sections 3 (12 modules incl BeBanking/H2H); 4 (company profile); 5 (methodology); 7 (assumptions) are reusable. See EXTRACTION_PLAN.md 3.A-3.D.","","2025-09","","","","","","","No","HearX Group (Executive Summary only - do not reuse)","Healthcare / Audiology","Acumatica Long-Form Proposal Template","Acumatica ERP,Distribution,Financials,Inventory,Order Management,BeBanking","","","","Active","","","Conditional","","","Acumatica Information (12 module sections); Implementation Methodology; Company profile; Pricing Assumptions structure","Acumatica","High","4","","","","","","Sept 2025","Hein Blignaut","Current master Acumatica template; 12 module descriptions; Implementation methodology; Full assumption library"
"HIST-003","SITA Host-to-Host BeBanking Proposal - Government H2H (v1.06)","HIST","Unknown","BeBanking","BeBanking,H2H,Managed Services","Archived","","","No-Expiry","Parties/Customers/Sita/RFP/H2H/APPSolve SITA Host-to-Host BEBanking Proposal v1 06.docx","","","2026-06-08","2026-06-08","Hein Blignaut","As-Needed","BeBanking,H2H,SITA,government,Host-to-Host,support model,hybrid,process flow,pricing options","Most comprehensive government BeBanking H2H proposal. v1.06 = 6 revisions. Outcome unknown. Appendices: Product Module Summary and H2H Process Flow diagram (verify if graphic or text). Dual pricing options (Service Option vs Software Option). See EXTRACTION_PLAN.md 5.A-5.F.","","","","","","","","","No","SITA (State Information Technology Agency)","Government ICT","SITA Host-to-Host BeBanking Implementation","BeBanking,H2H,Host-to-Host,Managed Services","","","Unknown","Unknown","","","No","","","Hybrid Support Model; Service Delivery Team; Continuous Improvement Model; H2H Process Flow; Product Module Summary; Pricing Options Structure","BeBanking","High","3","","","","","","v1.06","","Government BeBanking H2H; Hybrid Support Model; H2H Process Flow; Dual pricing options (Service vs Software)"
"HIST-004","Mpact BeBanking Scoping and Implementation Proposal (December 2019)","HIST","Won","BeBanking","BeBanking,H2H,Implementation","Archived","","","No-Expiry","Parties/Customers/Mpact/RFP/BeBanking/APPSolve Mpact BeBanking Scoping and Implementation Proposal v1 11122019.docx","","","2026-06-08","2026-06-08","Hein Blignaut","As-Needed","BeBanking,Mpact,implementation,methodology,PM,project management,change control,issue management,scoping","Most complete BeBanking implementation methodology in the corpus. Three-part methodology: PM Approach; Implementation Methodology (Project Infrastructure; Issue Management; Change Control). Companion .mpp project plan exists. Mpact is active customer. 2019 vintage - MODERNISE. See EXTRACTION_PLAN.md 6.A-6.F.","","2019-12","","","","","","","No","Mpact (Pty) Ltd","Manufacturing,Packaging","Mpact BeBanking H2H Scoping and Implementation","BeBanking,H2H,Scoping,Implementation","2019-12","","Unknown","Won","","","No","","2019-12-11","Project and Implementation Methodology Summary; PM Approach; Issue Management Process; Change Control Process; Delivery Phases; Pricing Assumptions","BeBanking","High","3","","","","","","v1 (2019-12-11)","","Most complete BeBanking methodology; PM approach; Issue and change control frameworks; Phase delivery model"
"HIST-005","HyDac Acumatica Manufacturing + BeBanking Combined Proposal V5.1 (December 2024)","HIST","Won","Acumatica,BeBanking","Acumatica ERP Manufacturing,BeBanking H2H","Archived","","","No-Expiry","Parties/Customers/HyDac/RFP/Acumatica Implementation/1. Working/APPSolve_HyDac_Proposal_20241211_V5.1 Template BeBanking.docx","","","2026-06-08","2026-06-08","Hein Blignaut","As-Needed","Acumatica,BeBanking,H2H,manufacturing,combined,V5.1,template,discrete manufacturing,MRP","HIGHEST PRIORITY BeBanking extraction. BeBanking H2H section is standalone reusable block (Dec 2024 = most recent in corpus). V5.1 = 5+ iterations of refinement. Also contains Acumatica Manufacturing modules (Discrete Manufacturing; MRP; Estimating; ECC) not in other templates. File named Template BeBanking - BeBanking section designed as reusable insert. See EXTRACTION_PLAN.md 7.A-7.C.","","2024-12-11","","","","","","","No","HyDac","Manufacturing (Industrial Hydraulics)","HyDac Acumatica Manufacturing ERP + BeBanking H2H","Acumatica ERP,Manufacturing,BeBanking,H2H","2024-12","","Unknown","Won","","","No","","2024-12-11","BeBanking H2H capability section (standalone); Acumatica Manufacturing modules; Combined Acumatica+BeBanking executive summary","Acumatica","High","4","","","","","","V5.1 (2024-12-11)","","Most recent BeBanking H2H block (Dec 2024); Acumatica Manufacturing edition; Combined Acumatica+BeBanking engagement model"
"W1S1-001","APPSolve Company Overview","CORP","Company-Profile","Cross_BU","All","Active","","","No-Expiry","Parties/Customers/0. Proposal Templates/Oracle Fusion/Oracle Fusion Template.docx","07_Approved_Content/Approved/Cross_BU/W1S1-001-CORP-CompanyOverview.md","","2026-06-09","2026-06-09","Hein Blignaut","Annual","company overview,corporate profile,Cross_BU,geography,industries","Wave 1 Session 1. Fact-checked: 23-year history; 50+ consultants; geography; 18 industries. Approved 2026-06-09.","","","W1S1-001","","Yes","2026-06-09","","","No","","","","","","","","","","","Yes","","","Full document","Cross_BU","High","4","","","","","","1.0","Hein Blignaut","23-year history; 50+ senior consultants; international footprint; 18 industries"
"W1S1-004","APPSolve Acumatica Partnership Statement","CAP","Partnership-Statement","Acumatica","Acumatica ERP","Active","","","No-Expiry","Parties/Customers/0. Proposal Templates/Acumatica/APPSolve Acumatica - CUSTOMER - Proposal Template Sept2025 BH.docx","07_Approved_Content/Approved/Cross_BU/W1S1-004-ACU-AcumaticaPartnership.md","","2026-06-09","2026-06-09","Hein Blignaut","Annual","Acumatica,Gold Partner,partnership,VAR,ERP,industries","Wave 1 Session 1. Fact-checked: Gold Partner tier; industries (Mfg/Dist/FMCG/Prof Svcs/Higher Ed). Approved 2026-06-09.","","","W1S1-004","","Yes","2026-06-09","","","No","","","","","","","","","","","Yes","","","Full document","Acumatica","High","4","","","","","","1.0","Hein Blignaut","Acumatica Gold Partner; VAR authorised; Manufacturing/Distribution/FMCG/Higher Education"
"W1S1-005","APPSolve BeBanking Product Overview","CAP","Product-Overview","BeBanking","BeBanking H2H","Active","","","No-Expiry","Parties/Customers/HyDac/RFP/Acumatica Implementation/1. Working/APPSolve_HyDac_Proposal_20241211_V5.1 Template BeBanking.docx","07_Approved_Content/Approved/Cross_BU/W1S1-005-BB-BeBankingOverview.md","","2026-06-09","2026-06-09","Hein Blignaut","Annual","BeBanking,H2H,Host-to-Host,banking,Oracle EBS,Oracle Fusion,Acumatica","Wave 1 Session 1. SAP removed; ERP generalised to Oracle EBS/Fusion/Acumatica (D1); banks: all major SA banks. Approved 2026-06-09.","","","W1S1-005","","Yes","2026-06-09","","","No","","","","","","","","","","","Yes","","","Full document","BeBanking","High","5","","","","","","1.0","Hein Blignaut","H2H payment processing; Oracle EBS/Fusion/Acumatica integration; all major SA banks; 7 core capabilities"
"W1S1-007","APPSolve Delivery Model","CAP","Delivery-Model","Cross_BU","All","Active","","","No-Expiry","Parties/Customers/0. Proposal Templates/Oracle Fusion/Oracle Fusion Template.docx","07_Approved_Content/Approved/Cross_BU/W1S1-007-CORP-DeliveryModel.md","","2026-06-09","2026-06-09","Hein Blignaut","Annual","delivery model,Oracle Level 1 Partner,managed services,DBA,advisory,MRI,service lines","Wave 1 Session 1. Gold→Oracle Level 1 Partner (F3/F4); DBA claim softened (F15). Optional: update legacy tech skills list at next review. Approved 2026-06-09.","","","W1S1-007","","Yes","2026-06-09","","","No","","","","","","","","","","","Yes","","","Full document","Cross_BU","High","4","","","","","","1.0","Hein Blignaut","Oracle Level 1 Partner; DBA team; MRI Model; 8 service lines; senior-only delivery"
"W1S1-008","APPSolve Geographic Presence","CORP","Geographic-Profile","Cross_BU","All","Active","","","No-Expiry","Parties/Customers/0. Proposal Templates/Oracle Fusion/Oracle Fusion Template.docx","07_Approved_Content/Approved/Cross_BU/W1S1-008-CORP-GeographicPresence.md","","2026-06-09","2026-06-09","Hein Blignaut","Annual","geography,Sub-Saharan Africa,Botswana,Zambia,Mozambique,Namibia,Tanzania,USA,France,Abu Dhabi,Pakistan","Wave 1 Session 1. Unsubstantiated geographies removed; two-tier language applied. MTN removed (D2). Approved 2026-06-09.","","","W1S1-008","","Yes","2026-06-09","","","No","","","","","","","","","","","Yes","","","Full document","Cross_BU","High","4","","","","","","1.0","Hein Blignaut","Sub-Saharan Africa 5 markets; international 4 markets; differentiated engagement language"
"W1S1-009","APPSolve Key Differentiators","CAP","Key-Differentiators","Cross_BU","All","Active","","","No-Expiry","Parties/Customers/0. Proposal Templates/Oracle Fusion/Oracle Fusion Template.docx","07_Approved_Content/Approved/Cross_BU/W1S1-009-CORP-KeyDifferentiators.md","","2026-06-09","2026-06-09","Hein Blignaut","Annual","key differentiators,Hybrid Support Model,CIM,MRI,costing models,50 consultants","Wave 1 Session 1. Headcount 50+; unique→distinctive (D3); 24x7x365→24x7 monitoring with after-hours support (D3). Approved 2026-06-09.","","","W1S1-009","","Yes","2026-06-09","","","No","","","","","","","","","","","Yes","","","Full document","Cross_BU","High","4","","","","","","1.0","Hein Blignaut","7 differentiators; Hybrid Support Model; CIM 4-stage; 3 costing models including MRI"
"W1S1-002","APPSolve Company History","CORP","Company-History","Cross_BU","All","Active","","","No-Expiry","Parties/Customers/0. Proposal Templates/Oracle Fusion/Oracle Fusion Template.docx","07_Approved_Content/Approved/Cross_BU/W1S1-002-CORP-CompanyHistory.md","","2026-06-09","2026-06-09","Hein Blignaut","Annual","company history,corporate profile,Cross_BU,founder,Oracle,geography","Wave 1 Session 1. Founder bio trimmed (D4); geography corrected; Oracle Level 1 + awards updated. Approved 2026-06-09.","","","W1S1-002","","Yes","2026-06-09","","","No","","","","","","","","","","","Yes","","","Full document","Cross_BU","High","4","","","","","","1.0","Hein Blignaut","Founded 2002; 23-year history; Oracle DBA origins to full-service provider; geographic expansion"
"W1S1-003","APPSolve Oracle Partnership Statement","CAP","Partnership-Statement","Oracle","Oracle","Active","","","No-Expiry","Parties/Customers/0. Proposal Templates/Oracle Fusion/Oracle Fusion Template.docx","07_Approved_Content/Approved/Cross_BU/W1S1-003-ORA-OraclePartnership.md","","2026-06-09","2026-06-09","Hein Blignaut","Annual","Oracle,Level 1 Partner,partnership,expertise,awards,VAR,Cloud Excellence,Linux Specialist","Wave 1 Session 1. Gold→Level 1 Partner; 5 expertise areas confirmed; 2024 awards added. Annual review: revalidate Cloud Excellence Implementer and Linux Specialist on OPN. Approved 2026-06-09.","","","W1S1-003","","Yes","2026-06-09","","","No","","","","","","","","","","","Yes","","","Full document","Oracle","High","5","","","","","","1.0","Hein Blignaut","Oracle Level 1 Partner; 5 expertise areas; Oracle VAR; 6 awards 2015–2024; Oracle Backed section"
"W1S1-006","APPSolve Awards and Recognition","CAP","Awards-Recognition","Cross_BU","All","Active","","","No-Expiry","Parties/Customers/0. Proposal Templates/Oracle Fusion/Oracle Fusion Template.docx","07_Approved_Content/Approved/Cross_BU/W1S1-006-CORP-AwardsRecognition.md","","2026-06-09","2026-06-09","Hein Blignaut","Annual","awards,Oracle,recognition,Business Impact Award,EMEA,ECEMEA,success stories","Wave 1 Session 1. 2024 EMEA and ECEMEA awards added. Award table: approved unrestricted. Success stories: Tiger Brands/USAID/UT Grain marked Pending URL Verification. Approved 2026-06-09.","","","W1S1-006","","Yes","2026-06-09","","","No","","","","","","","","","","","Yes","","","Awards table (unrestricted); Success stories (URL verification required before citing)","Cross_BU","High","4","","","","","","1.0","Hein Blignaut","6 Oracle awards 2015–2024; Business Impact Award EMEA 2024; Business Impact Award ECEMEA 2024"
"W1S3-001","BeBanking Product Overview","CAP","Product-Overview","BeBanking","BeBanking H2H","Active","","","No-Expiry","Parties/Customers/HyDac/RFP/Acumatica Implementation/1. Working/APPSolve_HyDac_Proposal_20241211_V5.1 Template BeBanking.docx + Parties/Customers/Sita/RFP/H2H/APPSolve SITA Host-to-Host BEBanking Proposal v1 06.docx","07_Approved_Content/Approved/BeBanking/W1S3-001-BB-ProductOverview.md","","2026-06-10","2026-06-10","Hein Blignaut","Annual","BeBanking,H2H,product overview,9 modules,ERP,API,SAP,Oracle EBS,Oracle Fusion,Acumatica,CMA","Session C. Module table updated (BQ7): Secure File Transfer and Automated Receipt Creation removed; ABSA PoP Integration and International Forex Payment Processing added. ERP compatibility updated. Flexible approval framework. Geographic framing (CMA). D1 applied: SAP as environment integration only. Approved 2026-06-10.","","","W1S3-001","","Yes","2026-06-10","","","No","","","","","","","","","","","Yes","","","Full document","BeBanking","High","4","","","","","","1.0","Hein Blignaut","9-module portfolio; CMA and international deployment; API-first; subscription-only commercial model"
"W1S3-002","BeBanking Host-to-Host Banking Core","CAP","H2H-Core","BeBanking","BeBanking H2H","Active","","","No-Expiry","Parties/Customers/Sita/RFP/H2H/APPSolve SITA Host-to-Host BEBanking Proposal v1 06.docx","07_Approved_Content/Approved/BeBanking/W1S3-002-BB-HostToHostBanking.md","","2026-06-10","2026-06-10","Hein Blignaut","Annual","BeBanking,H2H,Host-to-Host,banking,process,6-step,approval framework,9 banks,API,SFTP","Session C. Two-Level Approval replaced with flexible approval framework (BQ2). Connect Direct replaced with API/SFTP (BQ1). Full 9-bank list added (BQ4). Acumatica payroll exclusion added. Oracle Fusion and Acumatica integration confirmed. D5 applied: banking partner rule updated in AI_CONTEXT.md. Approved 2026-06-10.","","","W1S3-002","","Yes","2026-06-10","","","No","","","","","","","","","","","Yes","","","Full document","BeBanking","High","4","","","","","","1.0","Hein Blignaut","H2H 6-step process; 9-bank integration list; configurable approval framework; API-first architecture"
"W1S3-003","BeBanking Supplier Payments","CAP","Supplier-Payments","BeBanking","BeBanking H2H","Active","","","No-Expiry","Parties/Customers/Sita/RFP/H2H/APPSolve SITA Host-to-Host BEBanking Proposal v1 06.docx","07_Approved_Content/Approved/BeBanking/W1S3-003-BB-SupplierPayments.md","","2026-06-10","2026-06-10","Hein Blignaut","Annual","BeBanking,supplier payments,AVS,H2H,PDF remittances,bank account approval,approval framework","Session C. Flexible approval framework applied (BQ2). AVS confirmed active (BQ8). Supplier Bank Account Approval; AVS; H2H Payments; PDF Remittances. Approved 2026-06-10.","","","W1S3-003","","Yes","2026-06-10","","","No","","","","","","","","","","","Yes","","","Full document","BeBanking","High","4","","","","","","1.0","Hein Blignaut","Supplier Bank Account Approval; AVS; Supplier H2H Payments; Supplier PDF Remittances; flexible approval framework"
"W1S3-004","BeBanking Payroll H2H Payments","CAP","Payroll-Payments","BeBanking","BeBanking H2H","Active","","","No-Expiry","Parties/Customers/Sita/RFP/H2H/APPSolve SITA Host-to-Host BEBanking Proposal v1 06.docx","07_Approved_Content/Approved/BeBanking/W1S3-004-BB-PayrollPayments.md","","2026-06-10","2026-06-10","Hein Blignaut","Annual","BeBanking,payroll,H2H,Oracle EBS,Oracle Fusion,ACB,approval framework,data segregation","Session C. PAY Level 1/2 replaced with flexible approval framework (BQ2). Payroll ERP scope corrected to Oracle EBS and Oracle Fusion only — Acumatica payroll excluded (BQ5). Transmission updated to API/SFTP (BQ1). Permanent rule: Acumatica does not provide payroll functionality in SA. Approved 2026-06-10.","","","W1S3-004","","Yes","2026-06-10","","","No","","","","","","","","","","","Yes","","","Full document","BeBanking","High","4","","","","","","1.0","Hein Blignaut","Payroll H2H from Oracle EBS and Oracle Fusion only; ACB file; flexible approval; data segregation"
"W1S3-006","BeBanking ERP Integration Detail","CAP","ERP-Integration","BeBanking","BeBanking H2H","Active","","","No-Expiry","Parties/Customers/Sita/RFP/H2H/APPSolve SITA Host-to-Host BEBanking Proposal v1 06.docx","07_Approved_Content/Approved/BeBanking/W1S3-006-BB-ERPIntegration.md","","2026-06-10","2026-06-10","Hein Blignaut","Annual","BeBanking,ERP,Oracle EBS,Oracle Fusion,Acumatica,SAP,integration,module-level","Session C. Connect Direct removed (BQ1). IBY removed. Oracle Fusion section added (BQ6). Acumatica section rewritten (BQ5) — payroll exclusion added. SAP section added (BU confirmed). Retired modules removed (BQ7). D1: SAP wording = environments only. D2: ACH replaced with ZAR domestic EFT. Approved 2026-06-10.","","","W1S3-006","","Yes","2026-06-10","","","No","","","","","","","","","","","Yes","","","Full document","BeBanking","High","4","","","","","","1.0","Hein Blignaut","Oracle EBS integration table; Oracle Fusion integration table; Acumatica integration table; SAP environment note"
"W1S3-007","BeBanking Security","CAP","Security","BeBanking","BeBanking H2H","Active","","","No-Expiry","Parties/Customers/Sita/RFP/H2H/APPSolve SITA Host-to-Host BEBanking Proposal v1 06.docx","07_Approved_Content/Approved/BeBanking/W1S3-007-BB-Security.md","","2026-06-10","2026-06-10","Hein Blignaut","Annual","BeBanking,security,TLS,SFTP,POPIA,GDPR,approval framework,access control,transmission security","Session C. Connect Direct/SSH replaced with API/TLS + SFTP-over-SSH (BQ1). Flexible approval framework (BQ2). POPIA compliance section added (BQ13). GDPR roadmap noted. D4: GDPR roadmap wording retained. Approved 2026-06-10.","","","W1S3-007","","Yes","2026-06-10","","","No","","","","","","","","","","","Yes","","","Full document","BeBanking","High","4","","","","","","1.0","Hein Blignaut","API-first transmission security; POPIA compliant; flexible approval framework; GDPR roadmap"
"W1S3-008","BeBanking Technical Architecture","CAP","Architecture","BeBanking","BeBanking H2H","Active","","","No-Expiry","Parties/Customers/Sita/RFP/H2H/APPSolve SITA Host-to-Host BEBanking Proposal v1 06.docx","07_Approved_Content/Approved/BeBanking/W1S3-008-BB-Architecture.md","","2026-06-10","2026-06-10","Hein Blignaut","Annual","BeBanking,architecture,API,SFTP,component,deployment,cloud,on-premises,diagram","Session C. Architecture diagram redrawn for API-first model. Dedicated Banking Server removed (BQ1). Secure File Transfer Utility retired (BQ7). Connect Direct removed (BQ1). IBY and AR receipt creation removed (BQ7). Cloud ERP deployment added. Approved 2026-06-10.","","","W1S3-008","","Yes","2026-06-10","","","No","","","","","","","","","","","Yes","","","Full document","BeBanking","High","4","","","","","","1.0","Hein Blignaut","API-first architecture diagram; component architecture; cloud and on-premises deployment; security architecture"
"W1S3-009","BeBanking Hosting Model and Commercial Terms","CAP","Hosting-Model","BeBanking","BeBanking H2H","Active","","","No-Expiry","Parties/Customers/Sita/RFP/H2H/APPSolve SITA Host-to-Host BEBanking Proposal v1 06.docx","07_Approved_Content/Approved/BeBanking/W1S3-009-BB-HostingModel.md","","2026-06-10","2026-06-10","Hein Blignaut","Annual","BeBanking,hosting,on-premises,cloud,subscription,commercial model,support,24x7","Session C. Connect Direct hosting references removed (BQ1). 24x7x365 corrected to 24x7 monitoring with after-hours support. Cloud ERP deployment added (BQ5/BQ6). Licensing rewritten to subscription-only model (BQ9). D3: support model table validated. Approved 2026-06-10.","","","W1S3-009","","Yes","2026-06-10","","","No","","","","","","","","","","","Yes","","","Full document","BeBanking","High","4","","","","","","1.0","Hein Blignaut","On-premises and cloud deployment; monthly and annual subscription only; 24x7 monitoring; support model"
"W1S3-010","BeBanking Monitoring and Automation","CAP","Monitoring-Automation","BeBanking","BeBanking H2H","Active","","","No-Expiry","Parties/Customers/Sita/RFP/H2H/APPSolve SITA Host-to-Host BEBanking Proposal v1 06.docx","07_Approved_Content/Approved/BeBanking/W1S3-010-BB-MonitoringAutomation.md","","2026-06-10","2026-06-10","Hein Blignaut","Annual","BeBanking,monitoring,automation,bank statements,exchange rates,audit,API,SFTP","Session C. Automated Receipt Creation removed (retired BQ7). Bank statement import updated to API/SFTP (BQ1). Exchange rate updated to multi-provider (BQ12). Monitoring rewritten from confirmed baseline (BQ10). Connect Direct removed. D3: monitoring tables validated (BQ10). D6: internal wording note removed. Approved 2026-06-10.","","","W1S3-010","","Yes","2026-06-10","","","No","","","","","","","","","","","Yes","","","Full document","BeBanking","High","4","","","","","","1.0","Hein Blignaut","5 automated processes; bank statement management; multi-provider exchange rates; monitoring and audit trail"
"W1S2-001","Acumatica Financial Management","CAP","Capability-Statement","Acumatica","Acumatica ERP","Active","","","No-Expiry","Parties/Customers/0. Proposal Templates/Acumatica/APPSolve Acumatica - CUSTOMER - Proposal Template Sept2025 BH.docx","07_Approved_Content/Approved/Acumatica/W1S2-001-ACU-Financials.md","","2026-06-10","2026-06-10","Hein Blignaut","Annual","Acumatica,Financials,GL,AR,AP,Cash Management,Currency Management,Tax Management,Deferred Revenue,IFRS 15,Fixed Assets,Mobile","Session B. IFRS 15 set as primary revenue recognition standard (ASC 606 retained as secondary reference); US spellings corrected. Approved 2026-06-10.","","","W1S2-001","","Yes","2026-06-10","","","No","","","","","","","","","","","Yes","","","Full document","Acumatica","High","4","","","","","","1.0","Hein Blignaut","10 modules: GL/AR/AP/Cash/Currency/Tax/Deferred Revenue/Mobile/Recurring/Fixed Assets; IFRS 15 compliant"
"W1S2-002","Acumatica Distribution Edition","CAP","Capability-Statement","Acumatica","Acumatica ERP","Active","","","No-Expiry","Parties/Customers/0. Proposal Templates/Acumatica/APPSolve Acumatica - CUSTOMER - Proposal Template Sept2025 BH.docx","07_Approved_Content/Approved/Acumatica/W1S2-002-ACU-Distribution.md","","2026-06-10","2026-06-10","Hein Blignaut","Annual","Acumatica,Distribution,Order Management,Procurement,Sales,CRM,Financial Integration,cloud ERP","Session B. No corrections — clean extraction from Sept 2025 template. Approved 2026-06-10.","","","W1S2-002","","Yes","2026-06-10","","","No","","","","","","","","","","","Yes","","","Full document","Acumatica","High","3","","","","","","1.0","Hein Blignaut","Order Management; Procurement; Sales and Customer Management; Financial Management Integration; 4 capability rows; overview depth"
"W1S2-003","Acumatica Inventory Control","CAP","Capability-Statement","Acumatica","Acumatica ERP","Active","","","No-Expiry","Parties/Customers/0. Proposal Templates/Acumatica/APPSolve Acumatica - CUSTOMER - Proposal Template Sept2025 BH.docx","07_Approved_Content/Approved/Acumatica/W1S2-003-ACU-Inventory.md","","2026-06-10","2026-06-10","Hein Blignaut","Annual","Acumatica,Inventory,FIFO,Weighted Average,Standard Costing,IFRS IAS 2,Lot Tracking,Serial Tracking,Replenishment,Multi-location","Session B. LIFO removed (IFRS/IAS 2 compliance); demand forecasting claim removed (not a native Acumatica feature). Approved 2026-06-10.","","","W1S2-003","","Yes","2026-06-10","","","No","","","","","","","","","","","Yes","","","Full document","Acumatica","High","4","","","","","","1.0","Hein Blignaut","FIFO/WAC/Standard costing (IFRS/IAS 2 compliant); lot and serial tracking; multi-location; replenishment; 7 capability rows"
"W1S2-004","Acumatica Manufacturing Edition","CAP","Capability-Statement","Acumatica","Acumatica ERP","Active","","","No-Expiry","Parties/Customers/HyDac/RFP/Acumatica Implementation/1. Working/APPSolve_HyDac_Proposal_20241211_V5.1.docx","07_Approved_Content/Approved/Acumatica/W1S2-004-ACU-Manufacturing.md","","2026-06-10","2026-06-10","Hein Blignaut","Annual","Acumatica,Manufacturing,MRP,BOM,Estimating,ECC,Production Management,WMS,Advanced Planning,Discrete Manufacturing","Session B. Three Manufacturing Platform table cascade errors corrected (Advanced Inventory/MRP/Estimating rows). Sole KB source for Acumatica Manufacturing content — not in Sept 2025 template. Source: HyDac V5.1 (won Dec 2024). Approved 2026-06-10.","","","W1S2-004","","Yes","2026-06-10","","","No","","","","","","","","","","","Yes","","","Full document","Acumatica","High","5","","","","","","1.0","Hein Blignaut","Prime Manufacturing Edition; MRP; Estimating; ECC; WMS; 9 platform rows + 5 standalone sections; sole KB manufacturing source"
"W1S2-005","Acumatica CRM","CAP","Capability-Statement","Acumatica","Acumatica ERP","Active","","","No-Expiry","Parties/Customers/HyDac/RFP/Acumatica Implementation/1. Working/APPSolve_HyDac_Proposal_20241211_V5.1.docx","07_Approved_Content/Approved/Acumatica/W1S2-005-ACU-CRM.md","","2026-06-10","2026-06-10","Hein Blignaut","Annual","Acumatica,CRM,Sales Pipeline,Quote Management,Case Management,Customer Portal,Outlook Integration,Dashboards,integrated","Session B. No corrections — clean extraction from HyDac V5.1. CRM is fully integrated in Acumatica (not an add-on). Approved 2026-06-10.","","","W1S2-005","","Yes","2026-06-10","","","No","","","","","","","","","","","Yes","","","Full document","Acumatica","High","4","","","","","","1.0","Hein Blignaut","Integrated CRM (not add-on); Contact/Account; Sales Pipeline; Quote; Case Mgmt; Customer Portal; Outlook Integration; 8 capability rows"
"W1S2-009","Acumatica Project Accounting","CAP","Capability-Statement","Acumatica","Acumatica ERP","Active","","","No-Expiry","Parties/Customers/HyDac/RFP/Acumatica Implementation/1. Working/APPSolve_HyDac_Proposal_20241211_V5.1.docx","07_Approved_Content/Approved/Acumatica/W1S2-009-ACU-ProjectAccounting.md","","2026-06-10","2026-06-10","Hein Blignaut","Annual","Acumatica,Project Accounting,WIP,Revenue Recognition,Billing Rules,Change Orders,Manufacturing Integration,Time and Expense,Budget","Session B. AI-augmented rows verified 2026-06-10: Change Order Management confirmed (help.acumatica.com PM308000); Manufacturing Integration confirmed with prerequisites (PJ order type; requires Manufacturing Edition + Project Accounting); Intercompany Projects removed (not a Project Accounting feature). 8 rows: 6 extracted + 2 verified. Approved 2026-06-10.","","","W1S2-009","","Yes","2026-06-10","","","No","","","","","","","","","","","Yes","","","Full document","Acumatica","High","4","","","","","","1.0","Hein Blignaut","Project Budget/WIP/Revenue Recognition/Billing Rules/Change Orders (verified)/Manufacturing Integration (verified); 8 rows; 6 extracted + 2 verified"
"W1S3-005","BeBanking International and Forex Payment Processing","CAP","Capability-Statement","BeBanking","BeBanking H2H","Active","","","No-Expiry","00_Governance/SESSION_C_FACT_BASELINE.md; Parties/Customers/Sita/RFP/H2H/APPSolve SITA Host-to-Host BEBanking Proposal v1 06.docx","07_Approved_Content/Approved/BeBanking/W1S3-005-BB-InternationalAndForexPayments.md","","2026-06-10","2026-06-10","Hein Blignaut","Annual","BeBanking,Forex,International Payments,SWIFT,CMA,Namibia,Citi Bank,Santander,exchange rates,module 9,AP payments,cross-border","Session C + W1S3-005 authoring. Authored from confirmed Session C fact baseline (BQ7/BQ11/BQ12). Six review flags resolved: SWIFT indirect model confirmed; CMA Lesotho/Eswatini banking column removed; SAP module detail removed; treasury use case replaced with AP-initiated; international reach wording standardised; Parliament FX document recorded as future enhancement source. Approved 2026-06-10.","","","W1S3-005","","Yes","2026-06-10","","","No","","","","","","","","","","","Yes","","","Full document","BeBanking","High","4","","","","","","1.0","Hein Blignaut","Module 9: AP-initiated cross-border payments; bank-intermediated SWIFT; CMA + UK + Chile; 9 banking partners; configurable approval; module 6 exchange rates separate; Oracle EBS/Fusion/Acumatica/SAP"
"HIST-006","SAA Oracle Fusion HCM RFP Response (June 2025) — NOT AWARDED","HIST","Lost","Oracle","Oracle Fusion HCM","Archived","","","No-Expiry","Parties/Customers/South African Airways/HCM/1.Working/APPSolve_SAA_RFP.docx","","","2026-06-14","2026-06-14","Hein Blignaut","As-Needed","Oracle,HCM,SAA,South African Airways,RFP,platform capability,HCM Core,Absence,Recruiting,Payroll Interface,OIC,Digital Assistant,OAX,Redwood,2025","Rich Oracle Fusion HCM platform capability narrative (BOM, product architecture, SLA, Digital Assistant, OAX, Redwood). Platform capability source for W3S1-001 through W3S1-009. SAA MUST NOT BE NAMED as client or reference in any tender content. Aviation PROHIBITED — Rule 21.1. NOT AWARDED. Internal evidence use only.","","2025-06","","","","","","No","South African Airways (SAA) — RESTRICTED Rule 21.1: aviation prohibited; not named externally","Aviation — DO NOT REFERENCE (Rule 21.1)","SAA Oracle Fusion HCM Implementation RFP","Oracle Fusion HCM,Global HR,Recruiting Cloud,Learning Cloud,Absence Management,HR Help Desk,OIC Payroll Integration,Digital Assistant,OAX","","","Unknown","Not Awarded","No","No","No","","2025-06","Platform capability narrative; Product architecture; BOM component descriptions; OAX/Digital Assistant; OIC integration; SLA framework; Delivery methodology — all internal evidence use only","Oracle","High","4","","","","","","1.0","Hein Blignaut","Rich HCM platform narrative; OAX/Digital Assistant capability descriptions; OIC payroll integration evidence; Full BOM product scope; Not awarded — internal evidence only"
"HIST-007","Hollywood Bets Oracle Fusion HCM Accepted Proposal V5.0 (April 2023) — WON","HIST","Won","Oracle","Oracle Fusion HCM","Archived","","","No-Expiry","Parties/Customers/Hollywood Bets/RFP/HCM and Payroll Implementation/Accepted proposal/APPSolve_HollywoodBets_Oracle Implementation 3rd part_V5.0.docx","","","2026-06-14","2026-06-14","Hein Blignaut","As-Needed","Oracle,HCM,Hollywood Bets,won,gaming,retail,HCM Core,Recruiting Cloud,Absence Management,HR Help Desk,OIC,Payroll Interface,Annexure 2,approved reference,named client,go-live 2025","PRIMARY ORACLE HCM IMPLEMENTATION REFERENCE. Won April 2023; go-live July 2025; ~7,000 users (Phase 3 live). 8 HCM modules. Referenceable client — Hollywood Bets named in KB capability content. Annexure 2: HR Help Desk (ER case management, knowledge management, chatbot, SMS, routing) — primary evidence for W3S1-008. Source for W3S1-001, W3S1-003, W3S1-007, W3S1-008. See HIST-018 (ANN1-V4.1 — contractual Annexure 1; highest evidential weight for W3S1-009; registered standalone HIST asset per BU Lead decision 2026-06-14). Signed contract: Parties/Customers/Hollywood Bets/Contract/Signed contracts/.","","2023-04","","","Yes","2026-06-13","","","No","Hollywood Bets","Retail / Gaming","Hollywood Bets Oracle Fusion HCM Implementation","Oracle Fusion HCM,Global HR,Recruiting Cloud,Learning Cloud,Absence Management,HR Help Desk,OIC Payroll Interface,Performance Management","2023-04","2025-07","Unknown","Won","","","No","","2023-04","Annexure 2 (HR Help Desk scope confirmation); Delivery methodology; Module scope statements; OIC payroll integration scope; Phase 3 go-live evidence — all via W3S1 KB extracts","Oracle","High","5","","","","","","V5.0","Hein Blignaut","Named referenceable client; 8 HCM modules live; ~7,000 users; Annexure 2 HR Help Desk confirmation; OIC PaySpace payroll integration; go-live July 2025"
"HIST-014","CCBA Oracle Fusion HCM Solution Proposal V2.0 (2025) — RESTRICTED: client not named externally","HIST","Unknown","Oracle","Oracle Fusion HCM","Archived","","","No-Expiry","Parties/Customers/CCBA/Oracle HCM RFP/0. Submitted/APPSolve_CCBA_HCM_Solution_V2.0.docx","","","2026-06-14","2026-06-14","Hein Blignaut","As-Needed","Oracle,HCM,CCBA,FMCG,beverages,restricted,internal,corroborative,HR Help Desk,BRS,BOM,ER case management,HCM Core,not named externally","RESTRICTED — CCBA MUST NEVER BE NAMED in any external KB content or tender submission. Internal corroborative use only. Used in W3S1-008 (HR Help Desk BRS Section 7.1.2 — ER case management confirmation). CCBA BOM V3 (CCBA HCM_BOM_V3.xlsx same folder) and BRS V7.1 (RFP-BRS-HCM solution__270525_V7.1.docx) used for product architecture validation. Outcome unknown.","","2025","","","","","","No","RESTRICTED — internal governance use only; do not appear in any tender or external content","FMCG / Beverages","CCBA Oracle Fusion HCM Solution","Oracle Fusion HCM,HR Help Desk,HCM Core,ER Case Management,BOM,OIC","","","Unknown","Unknown","No","No","No","","2025","Internal corroboration only — no reusable sections; content access restricted. CCBA BOM V3 + BRS V7.1 in supporting docs (same folder).","Oracle","Medium","1","","","","","","V2.0","Hein Blignaut","Internal corroboration for HR Help Desk ER case management; BRS V7.1 product boundary validation; BOM V3 product scope — RESTRICTED internal use only"
"HIST-015","Afrocentric Oracle Fusion HCM Proposal V4.0 (2023)","HIST","Unknown","Oracle","Oracle Fusion HCM","Archived","","","No-Expiry","Parties/Customers/Afrocentric Health/RFP/HCM 2023/APPSolve Afrocentric - HCM Proposal V4.0.docx","","","2026-06-14","2026-06-14","Hein Blignaut","As-Needed","Oracle,HCM,Afrocentric,healthcare,methodology,delivery phases,Phase 1 through Phase 7,HR Help Desk Phase 1.6,OIC,HCM Core,not named externally","Delivery methodology corroboration for W3S1-001 through W3S1-009. Phase 1.6 HR Help Desk implementation sequence confirmed (W3S1-008). V4.0 = substantial revision history — mature delivery model. Afrocentric NOT NAMED as client or reference in any KB capability content. Outcome unknown. Healthcare sector HCM.","","2023","","","","","","No","Afrocentric Health — not named externally in KB content","Healthcare / Medical Aid","Afrocentric Oracle Fusion HCM Implementation","Oracle Fusion HCM,HCM Core,Recruiting,Learning,Absence,HR Help Desk,OIC,Payroll Interface","","","Unknown","Unknown","No","","No","","2023","Delivery methodology (Phase 1 through Phase 7); HR Help Desk Phase 1.6 sequence; Phase milestones — internal corroboration only; Afrocentric not named","Oracle","Medium","2","","","","","","V4.0","Hein Blignaut","7-phase Oracle HCM delivery methodology; HR Help Desk Phase 1.6 sequencing confirmed; Healthcare sector scope; V4.0 maturity — 4+ iterations"
"HIST-016","SABS ETS Oracle Fusion HCM RFP Response (December 2025)","HIST","Unknown","Oracle","Oracle Fusion HCM","Archived","","","No-Expiry","Parties/Customers/SABS/RFP/ETS - Oracle Fusion/APPSolve_SABS_RFP_Response.docx","","","2026-06-14","2026-06-14","Hein Blignaut","As-Needed","Oracle,HCM,SABS,government,standards,ETS,Recruiting Cloud,Learning Cloud,Absence,Mr Price,PoC,Tier 3,corroborative","Corroborative reference for W3S1-003 (Recruiting), W3S1-004 (Learning Cloud), W3S1-007 (Workforce Management). Contains Mr Price Group T&L PoC evidence (Tier 3). Limited content (7,933 chars) — no HR Help Desk content confirmed per W3S1-008 SVR. SABS not named as client in any KB capability content. Outcome unknown.","","2025-12","","","","","","No","SABS (South African Bureau of Standards) — not named externally in KB content","Standards / Government","SABS ETS Oracle Fusion HCM Implementation","Oracle Fusion HCM,Recruiting Cloud,Learning Cloud,Absence Management,Workforce Management","","","Unknown","Unknown","No","","No","","2025-12","Limited — corroborative use only; 7,933 chars; no Help Desk content; Mr Price T&L PoC in Learning Cloud context (Tier 3)","Oracle","Low","2","","","","","","1.0","Hein Blignaut","Mr Price T&L PoC evidence (Tier 3); Limited content 7,933 chars; Corroborative HCM platform reference; Government/Standards sector"
"HIST-017","SAA Oracle Fusion HCM RFP Clarification Responses (2025) — NOT AWARDED","HIST","Lost","Oracle","Oracle Fusion HCM","Archived","","","No-Expiry","Parties/Customers/South African Airways/HCM/1.Working/Support Clarification/APPSolve_SAA_Additional Information.docx","","","2026-06-14","2026-06-14","Hein Blignaut","As-Needed","Oracle,HCM,SAA,South African Airways,RFP,clarification,platform capability,aviation prohibited,Rule 21.1,internal evidence","Companion to HIST-006 (SAA HCM RFP Response). Clarification and additional information responses to the SAA HCM RFP. SAA MUST NOT BE NAMED as client or reference. Aviation PROHIBITED — Rule 21.1. NOT AWARDED. Limited additional content vs HIST-006 per W3S1-008 SVR. Internal platform capability evidence use only.","","2025","","","","","","No","South African Airways (SAA) — RESTRICTED Rule 21.1: aviation prohibited; not named externally","Aviation — DO NOT REFERENCE (Rule 21.1)","SAA Oracle Fusion HCM Implementation RFP — Clarification","Oracle Fusion HCM,HCM Core,Recruiting Cloud,Learning Cloud,Absence Management,HR Help Desk,OIC Payroll Integration","","","Unknown","Not Awarded","No","No","No","","2025","Platform capability clarifications — internal evidence use only; Aviation not referenceable; See HIST-006 for primary RFP document","Oracle","Low","2","","","","","","1.0","Hein Blignaut","Clarification responses to SAA HCM RFP; companion to HIST-006; internal platform capability corroboration only; Not awarded"
"HIST-018","Hollywood Bets Oracle HCM & Payroll Implementation — Annexure 1 V4.1 (Contractual)","HIST","Contractual Annexure","Oracle","Oracle Fusion HCM","Archived","","","No-Expiry","Parties/Customers/Hollywood Bets/Contract/Annexure 1 - HCM Implementation/Annexure 1_Oracle HCM Implementation V4.1.docx","","","2026-06-14","2026-06-14","Hein Blignaut","As-Needed","Oracle,HCM,Hollywood Bets,contractual,Annexure 1,payroll interface,OIC,PaySpace,scope,billing schedule,V4.1,Tier 1,W3S1-009,primary evidence,named client","TIER 1 CONFIRMED DELIVERY EVIDENCE. Primary evidentiary source for W3S1-009 (Oracle HCM Payroll Interface & Integration). Contractual annexure defining implementation scope, billing schedule, and payroll integration architecture (Oracle Fusion HCM ↔ OIC ↔ PaySpace). V4.1 = final contractual version (prior versions V2.0, V2.1, V3.0, V4.0 archived in same folder). Signed version: Parties/Customers/Hollywood Bets/Contract/Signed contracts/Annexure 1_Oracle HCM Implementation V4.1_signed.pdf. Parent document: HIST-007. Registered as standalone HIST asset per BU Lead decision 2026-06-14 (Rule 6 precedent). Subject to standard Hollywood Bets reference controls and account manager approval requirements.","","2023-04","","","Yes","2026-06-14","","","No","Hollywood Bets","Retail / Gaming","Hollywood Bets Oracle Fusion HCM & Payroll Implementation","Oracle Fusion HCM,OIC,PaySpace,Payroll Integration,Global HR,Recruiting Cloud,Absence Management,HR Help Desk,Learning Cloud","2023-04","2025-07","Unknown","Won","","","No","","2023-04","Billing schedule (implementation scope); Payroll integration scope (OIC ↔ PaySpace); Module delivery timeline; Contractual implementation obligations — primary source for W3S1-009 payroll interface capability","Oracle","High","5","","","","","","V4.1","Hein Blignaut","Primary contractual evidence for HCM payroll interface; OIC ↔ PaySpace bidirectional architecture; Billing schedule with full module scope; Signed version available; Tier 1 Confirmed Delivery; Rule 6 registration precedent"
"REF-ORA-001","Investec — Oracle Fusion Finance & Procurement Reference Letter (2023-09)","REF","Project","Oracle","Oracle Fusion ERP","Active","None","","No-Expiry","Parties/Customers/SABS/RFP/ETS - Oracle Fusion/References/Reference 2023 09 Investec Letter.pdf","04_References/Oracle/REF-ORA-001-Investec-Reference-Letter-2023-09.pdf","","2026-06-14","2026-06-14","Hein Blignaut","Annual","Oracle,Fusion,Finance,Procurement,Investec,reference,ERP,multi-country,SA,USA,UK","Registered WP7 2026-06-14 per D1. Oracle Fusion Finance and Procurement. 3 countries: SA USA UK. AM-W4E1-001 and AM-W4E2-001 REMOVED — restrictions lifted. Account manager approval still required at each tender submission.","","2023-09","REF-ORA-001","","Yes","2026-06-14","","","No","Investec","Financial Services","Oracle Fusion Finance & Procurement Implementation (SA USA UK)","Oracle Fusion Finance,Oracle Fusion Procurement,GL,AP,AR,Procurement","","","Unknown","Successful","Yes","Yes","Yes","","","Full document","Oracle","High","5","","","","","","1.0","Hein Blignaut","3-country Oracle Fusion implementation; Finance and Procurement; SA/USA/UK; strong differentiator"
"REF-ORA-002","NALA Renewables — Oracle Fusion Finance Reference Letter (8-country)","REF","Project","Oracle","Oracle Fusion ERP","Active","None","","No-Expiry","Parties/Customers/SABS/RFP/ETS - Oracle Fusion/References/NALA Reference Letters/","04_References/Oracle/REF-ORA-002-NALA-Reference-Letter.pdf","","2026-06-14","2026-06-14","Hein Blignaut","Annual","Oracle,Fusion,Finance,NALA,Renewables,reference,ERP,multi-country,renewable energy,Lithuania,Finland,Romania","Registered WP7 2026-06-14 per D1. Oracle Fusion Finance. 8-country scope (Lithuania Finland Romania and others). AM-W4E1-001 REMOVED — restriction lifted. Account manager approval still required at each tender submission.","","","REF-ORA-002","","Yes","2026-06-14","","","No","NALA Renewables","Renewable Energy","Oracle Fusion Finance Implementation (8 countries)","Oracle Fusion Finance,GL,AP,AR,Multi-currency,Multi-entity","","","Unknown","Successful","Yes","Yes","Yes","","","Full document","Oracle","High","5","","","","","","1.0","Hein Blignaut","8-country Oracle Fusion Finance; renewable energy sector; multi-currency; strong international differentiator"
"REF-ORA-003","Cape Union Mart — Oracle Fusion Finance & Procurement Reference Letter","REF","Project","Oracle","Oracle Fusion ERP","Active","None","","No-Expiry","Parties/Customers/SABS/RFP/ETS - Oracle Fusion/References/Cape Union Mart_Reference Letter.pdf","04_References/Oracle/REF-ORA-003-CapeUnionMart-Reference-Letter.pdf","","2026-06-14","2026-06-14","Hein Blignaut","Annual","Oracle,Fusion,Finance,Procurement,Cape Union Mart,reference,ERP,retail","Registered WP7 2026-06-14 per D1. Scope confirmed by BU Lead D2 (2026-06-14): Oracle Fusion Finance and Procurement. AM-W4E1-001 and AM-W4E2-001 REMOVED — restrictions lifted. Account manager approval still required at each tender submission.","","","REF-ORA-003","","Yes","2026-06-14","","","No","Cape Union Mart","Retail","Oracle Fusion Finance & Procurement Implementation","Oracle Fusion Finance,Oracle Fusion Procurement,GL,AP,AR,Procurement","","","Unknown","Successful","Yes","Yes","Yes","","","Full document","Oracle","High","4","","","","","","1.0","Hein Blignaut","Oracle Fusion Finance and Procurement; retail sector; scope confirmed D2 (BU Lead 2026-06-14)"
"REF-ORA-004","Assore — Oracle EBS Reference Letter (2023)","REF","Project","Oracle","Oracle EBS","Active","None","","No-Expiry","Parties/Customers/SABS/RFP/ETS - Oracle Fusion/References/Reference 2023 Assore Reference Letter.pdf","04_References/Oracle/REF-ORA-004-Assore-Reference-Letter-2023.pdf","","2026-06-14","2026-06-14","Hein Blignaut","Annual","Oracle,EBS,Assore,reference,mining","Registered WP7 2026-06-14 per D1. Oracle EBS. Mining sector. Account manager approval required at each tender submission.","","2023","REF-ORA-004","","Yes","2026-06-14","","","No","Assore","Mining","Oracle EBS Implementation","Oracle EBS,GL,AP,AR,HR","","","Unknown","Successful","Yes","Yes","Yes","","","Full document","Oracle","High","4","","","","","","1.0","Hein Blignaut","Oracle EBS implementation; mining sector; 2023 letter"
"REF-ORA-005","Adcock Ingram — Oracle EBS Reference Letter (2023)","REF","Project","Oracle","Oracle EBS","Active","None","","No-Expiry","Parties/Customers/SABS/RFP/ETS - Oracle Fusion/References/Reference 2023 Adcock Ingram Letter.pdf","04_References/Oracle/REF-ORA-005-AdcockIngram-Reference-Letter-2023.pdf","","2026-06-14","2026-06-14","Hein Blignaut","Annual","Oracle,EBS,Adcock Ingram,reference,pharmaceutical,FMCG","Registered WP7 2026-06-14 per D1. Oracle EBS. Pharmaceutical / FMCG sector. Account manager approval required at each tender submission.","","2023","REF-ORA-005","","Yes","2026-06-14","","","No","Adcock Ingram","Pharmaceutical / FMCG","Oracle EBS Implementation","Oracle EBS","","","Unknown","Successful","Yes","Yes","Yes","","","Full document","Oracle","High","4","","","","","","1.0","Hein Blignaut","Oracle EBS implementation; pharmaceutical/FMCG sector; 2023 letter"
"REF-ORA-006","Mr Price Group — Oracle Fusion HCM Learning Cloud Reference Letter (2024)","REF","Project","Oracle","Oracle Fusion HCM","Active","None","","No-Expiry","Parties/Customers/SABS/RFP/ETS - Oracle Fusion/References/Reference 2024 Mr Price.pdf","04_References/Oracle/REF-ORA-006-MrPrice-Reference-Letter-2024.pdf","","2026-06-14","2026-06-14","Hein Blignaut","Annual","Oracle,Fusion,HCM,Learning Cloud,Mr Price,reference,retail","Registered WP7 2026-06-14 per D1. Scope: Oracle Fusion HCM Learning Cloud (implementation only — C-W3-002). Do not use to claim broader HCM or T&L. T&L = PoC (OI-W7-001). Account manager approval required at each tender submission.","","2024","REF-ORA-006","","Yes","2026-06-14","","","No","Mr Price Group","Retail","Oracle Fusion HCM Learning Cloud Implementation","Oracle Fusion HCM,Learning Cloud","","","Unknown","Successful","Yes","Yes","Conditional","","","Full document — scope limited to Learning Cloud (C-W3-002)","Oracle","High","3","","","","","","1.0","Hein Blignaut","Oracle HCM Learning Cloud only (C-W3-002); T&L = PoC only; retail sector; 2024 letter; conditional reuse"
"REF-ACU-001","DSSSA — Acumatica ERP Reference Letter","REF","Project","Acumatica","Acumatica ERP","Active","None","","No-Expiry","Parties/Customers/AFROSAI-E/References/DSSSA Reference Letter.pdf","04_References/Acumatica/REF-ACU-001-DSSSA-Reference-Letter.pdf","","2026-06-14","2026-06-14","Hein Blignaut","Annual","Acumatica,ERP,DSSSA,reference,inter-governmental,public sector","Registered WP7 2026-06-14 per D5. Acumatica ERP implementation and post-implementation support. Account manager approval required at each tender submission.","","","REF-ACU-001","","Yes","2026-06-14","","","No","DSSSA","Inter-governmental / Public Sector","Acumatica ERP Implementation and Support","Acumatica ERP,Finance,Distribution,Project Accounting,Support","","","Unknown","Successful","Yes","Yes","Yes","","","Full document","Acumatica","High","4","","","","","","1.0","Hein Blignaut","Acumatica ERP implementation and support; inter-governmental sector; registered 2026-06-14"
"REF-ACU-002","FuelU2 — Acumatica ERP Reference Letter","REF","Project","Acumatica","Acumatica ERP","Active","None","","No-Expiry","Parties/Customers/AFROSAI-E/References/FuelU2 Reference Letter.pdf","04_References/Acumatica/REF-ACU-002-FuelU2-Reference-Letter.pdf","","2026-06-14","2026-06-14","Hein Blignaut","Annual","Acumatica,ERP,FuelU2,reference,fuel,distribution","Registered WP7 2026-06-14 per D5. Acumatica ERP implementation and post-implementation support. Account manager approval required at each tender submission.","","","REF-ACU-002","","Yes","2026-06-14","","","No","FuelU2","Distribution / Fuel","Acumatica ERP Implementation and Support","Acumatica ERP,Finance,Order Management,Distribution,Support","","","Unknown","Successful","Yes","Yes","Yes","","","Full document","Acumatica","High","3","","","","","","1.0","Hein Blignaut","Acumatica ERP implementation and support; distribution/fuel sector; registered 2026-06-14"
"REF-ACU-003","Maxiflex — Acumatica ERP Reference Letter","REF","Project","Acumatica","Acumatica ERP","Active","None","","No-Expiry","Parties/Customers/AFROSAI-E/References/Maxiflex Reference Letter.pdf","04_References/Acumatica/REF-ACU-003-Maxiflex-Reference-Letter.pdf","","2026-06-14","2026-06-14","Hein Blignaut","Annual","Acumatica,ERP,Maxiflex,reference,manufacturing","Registered WP7 2026-06-14 per D5. Acumatica ERP implementation and post-implementation support. Account manager approval required at each tender submission.","","","REF-ACU-003","","Yes","2026-06-14","","","No","Maxiflex","Manufacturing","Acumatica ERP Implementation and Support","Acumatica ERP,Finance,Manufacturing,Distribution,Support","","","Unknown","Successful","Yes","Yes","Yes","","","Full document","Acumatica","High","3","","","","","","1.0","Hein Blignaut","Acumatica ERP implementation and support; manufacturing sector; registered 2026-06-14"
